Model,Accuracy,Precision,Recall,Macro_F1,Weighted_F1,AUC_No_Disease,AUC_Bacterial,AUC_Viral
E4_DenseNet121,0.8231098430813124,0.8188806719155833,0.8303485638790707,0.8236452936659334,0.8243575167725984,0.9976663022453957,0.925815394651011,0.8825010624734382
