,precision,recall,f1-score,support
No Disease,0.921875,0.9619565217391305,0.9414893617021277,184.0
Bacterial Pneumonia,0.8323353293413174,0.8273809523809523,0.8298507462686567,336.0
Viral Pneumonia,0.6514285714285715,0.6298342541436464,0.6404494382022472,181.0
accuracy,0.81169757489301,0.81169757489301,0.81169757489301,0.81169757489301
macro avg,0.8018796335899628,0.8063905760879098,0.8039298487243439,701.0
weighted avg,0.8091273068291785,0.81169757489301,0.8102499880371853,701.0
