Model,Accuracy,Precision,Recall,Macro_F1,Weighted_F1,AUC_No_Disease,AUC_Bacterial,AUC_Viral
E4_EfficientNetB0,0.8359486447931527,0.8374906021106622,0.8403068509812445,0.8378662654029855,0.8385395191051239,0.9973299133798671,0.9289220482713634,0.8939332766680832
