Model,Accuracy,Precision,Recall,Macro_F1,Weighted_F1,AUC_No_Disease,AUC_Bacterial,AUC_Viral
E5_EfficientNetB0,0.8487874465049928,0.8467951169505694,0.8449275838928734,0.8458317442970092,0.8492390624915208,0.9950698006895972,0.93455642530985,0.899320016999575
