Model,Accuracy,Precision,Recall,Macro_F1,Weighted_F1,AUC_No_Disease,AUC_Bacterial,AUC_Viral
E2_DenseNet121,0.81169757489301,0.8018796335899628,0.8063905760879098,0.8039298487243439,0.8102499880371853,0.9963627953914725,0.9113747553816047,0.8610284742881428
