Model,Accuracy,Precision,Recall,Macro_F1,Weighted_F1,AUC_No_Disease,AUC_Bacterial,AUC_Viral
E1_EfficientNetB0,0.8159771754636234,0.8169916963593972,0.8078778372586924,0.812077656255449,0.8174322724918858,0.9973614498360104,0.9271281800391388,0.8835847853803657
