Model,Accuracy,Precision,Recall,Macro_F1,Weighted_F1,AUC_No_Disease,AUC_Bacterial,AUC_Viral
E1_DenseNet121,0.7902995720399429,0.7895000033719762,0.7966970457812398,0.7913953667206283,0.7938205672381355,0.9962471617189471,0.9074527071102414,0.8510730981725458
