Model,Accuracy,Precision,Recall,Macro_F1,Weighted_F1,AUC_No_Disease,AUC_Bacterial,AUC_Viral
E3_DenseNet121,0.8231098430813124,0.8140392550462808,0.8320176517239933,0.8214683041344643,0.823195671198386,0.9974770835085358,0.9310665362035224,0.8847003824904377
