Model,Accuracy,Precision,Recall,Macro_F1,Weighted_F1,AUC_No_Disease,AUC_Bacterial,AUC_Viral
E3_EfficientNetB0,0.8473609129814551,0.8478435199841824,0.8524010653184325,0.8491678572359417,0.849650116258419,0.9983916407366916,0.9381360078277887,0.906236719082023
