,precision,recall,f1-score,support
No Disease,0.91,0.9891304347826086,0.9479166666666666,184.0
Bacterial Pneumonia,0.8688524590163934,0.7886904761904762,0.8268330733229329,336.0
Viral Pneumonia,0.6632653061224489,0.7182320441988951,0.6896551724137931,181.0
accuracy,0.8231098430813124,0.8231098430813124,0.8231098430813124,0.8231098430813124
macro avg,0.8140392550462808,0.8320176517239933,0.8214683041344643,701.0
weighted avg,0.8265698240195029,0.8231098430813124,0.823195671198386,701.0
