Model,Accuracy,Precision,Recall,Macro_F1,Weighted_F1,AUC_No_Disease,AUC_Bacterial,AUC_Viral
E2_EfficientNetB0,0.8045649072753209,0.7981156609806068,0.8157526242140704,0.8046776536225956,0.8059398875822309,0.9977083508535868,0.9127364644487932,0.8607947301317467
