,precision,recall,f1-score,support
No Disease,0.9831460674157303,0.9510869565217391,0.9668508287292817,184.0
Bacterial Pneumonia,0.859375,0.8184523809523809,0.8384146341463414,336.0
Viral Pneumonia,0.6699507389162561,0.7513812154696132,0.7083333333333334,181.0
accuracy,0.8359486447931527,0.8359486447931527,0.8359486447931527,0.8359486447931527
macro avg,0.8374906021106622,0.8403068509812445,0.8378662654029855,701.0
weighted avg,0.8429528675439896,0.8359486447931527,0.8385395191051239,701.0
