Model,Accuracy,Precision,Recall,Macro_F1,Weighted_F1,AUC_No_Disease,AUC_Bacterial,AUC_Viral
E5_DenseNet121,0.7960057061340942,0.8082718390193199,0.8068824374973786,0.8014600383705534,0.8033953827415498,0.9915797662097384,0.920001630789302,0.8672120696982576
